2023-02-03@11:05,2,"Nice design, but I encountered a few broken links."
2023-01-25@10:48,6,"The website is mobile-friendly, but the content seems outdated."
2023-04-14@15:42,0,"The website is mobile-friendly, but the content seems outdated."
2023-04-17@05:45,2,Amazing customer support! They were very helpful.
2023-02-13@00:12,1,The content is engaging and well-structured.
2023-03-26@18:40,5,Amazing customer support! They were very helpful.
2023-04-19@23:58,8,"Nice design, but I encountered a few broken links."
2023-02-24@19:52,9,Some of the website's features don't work well on my device.
2023-01-27@03:09,3,Amazing customer support! They were very helpful.
2023-03-29@16:55,2,"The website has interesting content, but it's difficult to read on a mobile device."
2023-01-20@14:13,1,"The website has interesting content, but it's difficult to read on a mobile device."
2023-04-05@19:57,9,"Nice design, but I encountered a few broken links."
2023-01-18@16:06,5,"Nice design, but I encountered a few broken links."
2023-02-27@11:59,10,"The website loads slowly, and some images are broken."
2023-02-20@16:56,6,Fantastic user experience! The website is fast and responsive.
2023-04-16@13:24,5,"The website is very informative, and the layout is well-organized."
2023-01-04@16:06,3,"The website has interesting content, but it's difficult to read on a mobile device."
2023-02-25@22:22,0,"The website has a wide variety of products, but the search functionality needs improvement."
2023-01-02@07:46,1,"The website has a wide variety of products, but the search functionality needs improvement."
2023-02-17@01:30,6,The fonts are too small and hard to read.
2023-04-14@23:51,0,"Easy navigation, but the color scheme could be improved."
2023-04-04@16:25,7,Fantastic user experience! The website is fast and responsive.
2023-04-19@21:01,7,"The website is mobile-friendly, but the content seems outdated."
2023-01-06@00:09,9,"The website is mobile-friendly, but the content seems outdated."
2023-02-11@22:34,10,The fonts are too small and hard to read.
2023-04-17@11:58,4,Amazing customer support! They were very helpful.
2023-04-07@23:21,7,The website has a great color scheme and overall design.
2023-04-21@23:39,7,Great website! User-friendly and clean design.
2023-01-22@05:38,10,Fantastic user experience! The website is fast and responsive.
2023-05-02@07:33,8,The fonts are too small and hard to read.
2023-04-24@20:54,0,The fonts are too small and hard to read.
2023-02-01@08:20,3,Amazing customer support! They were very helpful.
2023-01-25@13:09,9,The website has a great color scheme and overall design.
2023-03-08@21:30,5,The website has a great color scheme and overall design.
2023-01-15@08:55,5,Fantastic user experience! The website is fast and responsive.
2023-02-20@05:53,3,The fonts are too small and hard to read.
2023-03-07@16:47,1,"The website has a wide variety of products, but the search functionality needs improvement."
2023-01-28@17:32,10,"The website is very informative, and the layout is well-organized."
2023-02-01@10:23,7,"Nice design, but I encountered a few broken links."
2023-01-17@01:17,1,"The website has interesting content, but it's difficult to read on a mobile device."
2023-01-03@06:08,8,The content is engaging and well-structured.
2023-02-03@10:28,7,"The website is very informative, and the layout is well-organized."
2023-04-24@20:10,5,The website has a great color scheme and overall design.
2023-02-06@02:07,10,"I like the website's layout, but the navigation could be better."
2023-03-16@11:30,6,"The website loads slowly, and some images are broken."
2023-01-08@08:39,7,Great website! User-friendly and clean design.
2023-04-12@06:26,3,"The website is very informative, and the layout is well-organized."
2023-03-24@03:48,1,"Easy navigation, but the color scheme could be improved."
2023-02-06@05:45,8,"The website has a wide variety of products, but the search functionality needs improvement."
2023-04-13@12:31,7,"The website loads slowly, and some images are broken."
